hour,day_of_week,month,vehicle_count,is_weekend,is_rush_hour,congestion_level
6,3,1,35,0,0,0
19,6,3,70,1,1,1
14,6,12,56,1,0,1
10,4,9,152,0,1,2
7,1,5,26,0,0,0
20,1,12,152,0,1,2
6,3,10,34,0,0,0
18,5,2,94,1,1,1
22,0,7,39,0,0,0
10,4,2,96,0,1,1
10,1,4,135,0,1,2
23,4,12,38,0,0,0
20,1,7,110,0,1,2
3,4,4,23,0,0,0
7,2,7,31,0,0,0
23,6,7,16,1,0,0
2,1,1,33,0,0,0
21,4,6,31,0,0,0
20,0,9,99,0,1,1
1,2,2,36,0,0,0
23,2,3,29,0,0,0
11,0,10,86,0,0,1
5,4,5,29,0,0,0
1,3,9,30,0,0,0
20,0,4,163,0,1,2
0,4,1,32,0,0,0
11,0,4,63,0,0,1
21,0,6,36,0,0,0
11,1,5,87,0,0,1
16,4,1,90,0,0,1
9,3,4,112,0,1,2
15,6,6,40,1,0,0
14,1,10,83,0,0,1
14,0,10,68,0,0,1
18,6,4,77,1,1,1
11,5,9,44,1,0,0
22,6,5,16,1,0,0
19,0,8,136,0,1,2
2,0,9,34,0,0,0
4,4,10,23,0,0,0
18,4,5,151,0,1,2
6,1,6,36,0,0,0
20,3,1,138,0,1,2
8,1,11,108,0,1,2
6,2,12,22,0,0,0
17,0,7,156,0,1,2
3,6,4,18,1,0,0
13,5,11,59,1,0,1
17,0,2,139,0,1,2
8,0,5,152,0,1,2
20,1,12,114,0,1,2
1,5,3,22,1,0,0
19,5,6,98,1,1,1
14,5,8,59,1,0,1
6,1,7,32,0,0,0
11,0,3,58,0,0,1
7,1,8,33,0,0,0
14,4,2,87,0,0,1
2,4,10,39,0,0,0
13,1,9,91,0,0,1
16,5,4,40,1,0,0
3,0,1,31,0,0,0
17,1,8,99,0,1,1
7,1,7,24,0,0,0
3,1,11,32,0,0,0
1,2,5,28,0,0,0
5,4,10,29,0,0,0
21,6,5,13,1,0,0
9,5,7,104,1,1,2
3,3,5,37,0,0,0
21,6,8,20,1,0,0
17,5,11,79,1,1,1
11,3,6,57,0,0,1
1,2,5,28,0,0,0
9,1,9,120,0,1,2
3,2,11,21,0,0,0
13,2,2,57,0,0,1
15,6,1,37,1,0,0
14,0,8,79,0,0,1
7,6,12,24,1,0,0
13,4,3,67,0,0,1
22,3,11,26,0,0,0
7,1,12,31,0,0,0
20,6,12,83,1,1,1
15,3,12,77,0,0,1
12,5,7,40,1,0,0
17,3,10,96,0,1,1
14,5,11,55,1,0,1
20,6,8,91,1,1,1
23,4,6,21,0,0,0
12,6,12,55,1,0,1
8,5,10,105,1,1,2
14,3,9,64,0,0,1
12,3,7,79,0,0,1
0,5,10,13,1,0,0
6,2,5,24,0,0,0
8,4,8,124,0,1,2
23,0,2,26,0,0,0
0,1,7,25,0,0,0
11,3,4,57,0,0,1
7,1,9,32,0,0,0
23,0,12,22,0,0,0
10,6,1,78,1,1,1
18,1,7,151,0,1,2
16,0,6,78,0,0,1
7,5,8,16,1,0,0
2,2,5,30,0,0,0
2,3,1,36,0,0,0
0,0,1,29,0,0,0
4,1,9,31,0,0,0
9,3,10,160,0,1,2
6,2,6,30,0,0,0
8,5,10,72,1,1,1
6,6,5,14,1,0,0
8,3,1,146,0,1,2
7,6,6,21,1,0,0
11,0,6,76,0,0,1
1,2,3,37,0,0,0
0,1,8,30,0,0,0
15,2,1,84,0,0,1
22,2,1,27,0,0,0
22,4,6,21,0,0,0
23,2,10,34,0,0,0
4,2,1,28,0,0,0
2,3,6,38,0,0,0
11,1,1,74,0,0,1
7,3,6,27,0,0,0
21,3,3,38,0,0,0
2,0,8,24,0,0,0
0,3,6,30,0,0,0
2,4,11,34,0,0,0
4,4,1,27,0,0,0
14,6,5,47,1,0,1
13,0,8,77,0,0,1
2,6,3,17,1,0,0
0,6,12,24,1,0,0
4,5,6,24,1,0,0
22,1,5,29,0,0,0
13,1,6,83,0,0,1
6,3,10,26,0,0,0
8,3,1,154,0,1,2
14,5,7,56,1,0,1
14,3,9,73,0,0,1
9,1,2,110,0,1,2
12,6,10,50,1,0,1
18,2,5,101,0,1,2
6,4,10,31,0,0,0
16,2,4,62,0,0,1
19,2,6,99,0,1,1
3,1,6,29,0,0,0
4,2,11,24,0,0,0
22,5,2,23,1,0,0
6,0,2,24,0,0,0
12,3,4,76,0,0,1
14,0,1,69,0,0,1
10,6,9,69,1,1,1
3,4,7,20,0,0,0
12,3,12,77,0,0,1
6,2,7,20,0,0,0
18,4,3,112,0,1,2
21,3,11,37,0,0,0
1,5,12,22,1,0,0
9,5,3,86,1,1,1
12,5,1,56,1,0,1
20,5,3,78,1,1,1
5,2,3,35,0,0,0
11,0,4,55,0,0,1
11,3,4,92,0,0,1
19,2,3,96,0,1,1
10,5,10,65,1,1,1
22,6,12,21,1,0,0
6,0,8,37,0,0,0
0,6,8,16,1,0,0
0,4,1,29,0,0,0
19,6,7,72,1,1,1
12,4,11,81,0,0,1
8,4,2,135,0,1,2
2,5,1,17,1,0,0
6,4,3,29,0,0,0
5,1,4,36,0,0,0
7,3,6,25,0,0,0
8,3,10,116,0,1,2
4,5,5,16,1,0,0
0,1,4,26,0,0,0
18,6,8,68,1,1,1
9,2,11,108,0,1,2
11,6,12,49,1,0,1
23,2,4,38,0,0,0
14,4,10,77,0,0,1
21,0,12,35,0,0,0
23,2,2,26,0,0,0
8,0,3,144,0,1,2
19,3,6,107,0,1,2
16,0,8,75,0,0,1
16,3,8,64,0,0,1
19,1,11,149,0,1,2
11,1,9,63,0,0,1
6,5,7,22,1,0,0
1,5,2,25,1,0,0
2,4,8,21,0,0,0
16,2,7,79,0,0,1
4,4,8,32,0,0,0
16,3,12,88,0,0,1
23,4,3,38,0,0,0
16,0,7,88,0,0,1
16,3,10,89,0,0,1
1,5,9,16,1,0,0
1,1,3,22,0,0,0
21,5,10,18,1,0,0
22,2,6,25,0,0,0
4,3,2,35,0,0,0
0,3,2,36,0,0,0
0,0,5,38,0,0,0
18,2,5,161,0,1,2
1,1,7,37,0,0,0
20,6,12,64,1,1,1
11,3,2,57,0,0,1
5,3,11,30,0,0,0
22,0,7,23,0,0,0
3,4,5,24,0,0,0
22,1,6,20,0,0,0
10,5,8,102,1,1,2
23,2,10,37,0,0,0
16,3,12,66,0,0,1
5,3,4,32,0,0,0
23,5,7,18,1,0,0
4,1,6,21,0,0,0
19,4,10,131,0,1,2
1,3,2,32,0,0,0
5,1,8,35,0,0,0
21,5,10,22,1,0,0
10,0,9,118,0,1,2
15,4,5,89,0,0,1
15,2,10,76,0,0,1
0,3,4,23,0,0,0
8,1,6,105,0,1,2
5,0,8,33,0,0,0
15,2,11,83,0,0,1
2,6,3,14,1,0,0
19,1,10,109,0,1,2
3,1,11,29,0,0,0
18,2,11,137,0,1,2
2,0,1,35,0,0,0
18,6,4,92,1,1,1
19,5,4,102,1,1,2
6,0,1,38,0,0,0
19,4,9,96,0,1,1
8,3,3,118,0,1,2
0,2,5,21,0,0,0
7,5,6,16,1,0,0
6,6,8,24,1,0,0
17,2,6,120,0,1,2
7,2,3,22,0,0,0
0,0,6,33,0,0,0
10,3,1,119,0,1,2
17,4,4,142,0,1,2
22,1,6,20,0,0,0
9,1,7,147,0,1,2
2,2,11,22,0,0,0
6,3,11,37,0,0,0
15,6,10,40,1,0,0
15,6,3,59,1,0,1
19,5,9,74,1,1,1
16,0,12,55,0,0,1
1,3,12,29,0,0,0
0,3,7,25,0,0,0
15,0,1,90,0,0,1
11,6,2,53,1,0,1
4,6,1,20,1,0,0
4,6,11,23,1,0,0
22,2,9,27,0,0,0
8,3,9,97,0,1,1
8,1,7,160,0,1,2
2,0,10,33,0,0,0
18,6,3,80,1,1,1
15,5,5,38,1,0,0
15,6,4,40,1,0,0
2,6,7,19,1,0,0
19,4,9,163,0,1,2
23,2,12,22,0,0,0
21,0,2,36,0,0,0
23,4,8,21,0,0,0
0,4,9,20,0,0,0
23,5,10,16,1,0,0
19,3,10,140,0,1,2
10,5,9,85,1,1,1
16,3,10,82,0,0,1
7,3,7,30,0,0,0
3,0,9,21,0,0,0
5,6,9,17,1,0,0
7,0,3,28,0,0,0
19,2,4,121,0,1,2
2,3,2,22,0,0,0
15,4,10,56,0,0,1
2,6,3,16,1,0,0
17,1,11,115,0,1,2
13,2,11,59,0,0,1
17,0,5,146,0,1,2
1,5,5,20,1,0,0
21,2,6,39,0,0,0
2,2,7,25,0,0,0
15,6,7,48,1,0,1
8,2,1,119,0,1,2
3,2,2,21,0,0,0
0,1,12,25,0,0,0
3,5,9,18,1,0,0
0,5,10,14,1,0,0
13,5,2,56,1,0,1
20,3,6,95,0,1,1
15,4,11,59,0,0,1
19,5,11,69,1,1,1
23,2,1,38,0,0,0
7,2,3,31,0,0,0
6,5,2,22,1,0,0
2,6,3,24,1,0,0
16,5,5,57,1,0,1
0,2,11,31,0,0,0
15,3,10,84,0,0,1
11,0,6,59,0,0,1
18,0,9,116,0,1,2
21,5,12,16,1,0,0
22,1,11,32,0,0,0
21,5,10,22,1,0,0
13,6,12,37,1,0,0
5,5,12,25,1,0,0
5,0,4,24,0,0,0
12,2,7,78,0,0,1
18,5,6,82,1,1,1
21,2,2,27,0,0,0
7,2,10,37,0,0,0
1,1,11,39,0,0,0
20,2,11,110,0,1,2
0,0,11,37,0,0,0
14,3,8,66,0,0,1
0,3,7,32,0,0,0
4,4,7,32,0,0,0
15,6,8,60,1,0,1
18,5,12,91,1,1,1
3,6,12,22,1,0,0
2,0,11,34,0,0,0
16,2,1,63,0,0,1
16,3,1,94,0,0,1
11,6,8,50,1,0,1
13,0,4,67,0,0,1
20,3,5,154,0,1,2
5,2,8,37,0,0,0
2,6,5,22,1,0,0
8,3,10,130,0,1,2
4,5,4,23,1,0,0
23,5,12,15,1,0,0
16,4,6,76,0,0,1
13,4,12,70,0,0,1
20,3,5,135,0,1,2
2,0,7,29,0,0,0
0,5,10,24,1,0,0
19,0,7,143,0,1,2
20,0,4,112,0,1,2
22,3,12,26,0,0,0
0,0,5,23,0,0,0
2,5,3,15,1,0,0
17,2,4,154,0,1,2
9,4,4,149,0,1,2
21,2,3,35,0,0,0
2,0,10,22,0,0,0
7,2,5,37,0,0,0
13,5,5,53,1,0,1
23,5,11,21,1,0,0
17,0,7,143,0,1,2
14,3,4,87,0,0,1
21,2,4,36,0,0,0
22,3,9,30,0,0,0
1,3,6,36,0,0,0
9,1,4,152,0,1,2
1,0,2,33,0,0,0
16,4,6,83,0,0,1
7,5,2,25,1,0,0
0,5,5,24,1,0,0
8,0,6,147,0,1,2
10,6,4,97,1,1,1
21,6,3,20,1,0,0
15,6,7,46,1,0,1
6,4,2,33,0,0,0
9,5,11,82,1,1,1
22,0,6,26,0,0,0
2,5,4,17,1,0,0
17,3,6,112,0,1,2
23,2,4,28,0,0,0
12,2,4,87,0,0,1
6,5,4,23,1,0,0
3,1,9,38,0,0,0
12,4,7,81,0,0,1
19,6,3,106,1,1,2
0,4,3,22,0,0,0
7,4,6,24,0,0,0
13,3,6,88,0,0,1
15,4,4,74,0,0,1
13,2,9,79,0,0,1
11,3,4,58,0,0,1
18,0,9,105,0,1,2
22,4,4,35,0,0,0
14,4,2,80,0,0,1
1,0,2,36,0,0,0
1,4,5,35,0,0,0
22,0,4,26,0,0,0
21,3,7,35,0,0,0
18,2,11,110,0,1,2
21,0,5,27,0,0,0
21,1,6,31,0,0,0
16,0,10,89,0,0,1
19,4,4,115,0,1,2
9,6,12,93,1,1,1
5,6,2,19,1,0,0
14,3,10,90,0,0,1
21,5,9,22,1,0,0
10,3,10,111,0,1,2
4,5,7,18,1,0,0
0,6,4,16,1,0,0
7,6,3,25,1,0,0
20,0,10,119,0,1,2
11,2,3,56,0,0,1
11,1,9,63,0,0,1
4,3,5,25,0,0,0
6,4,3,22,0,0,0
3,5,5,25,1,0,0
5,4,2,25,0,0,0
12,2,11,93,0,0,1
19,5,4,96,1,1,1
14,3,10,55,0,0,1
2,0,2,24,0,0,0
22,4,2,25,0,0,0
7,2,12,32,0,0,0
19,3,8,141,0,1,2
15,6,1,44,1,0,0
12,6,7,52,1,0,1
17,3,5,108,0,1,2
9,3,11,148,0,1,2
18,3,8,140,0,1,2
16,5,1,55,1,0,1
23,3,11,29,0,0,0
18,4,7,111,0,1,2
22,2,5,33,0,0,0
4,5,4,17,1,0,0
20,3,7,130,0,1,2
22,1,10,35,0,0,0
8,1,2,118,0,1,2
11,2,12,81,0,0,1
20,6,1,77,1,1,1
0,0,1,39,0,0,0
0,0,11,37,0,0,0
14,6,12,46,1,0,1
1,5,1,15,1,0,0
21,5,12,18,1,0,0
15,5,5,57,1,0,1
7,0,10,27,0,0,0
12,1,7,74,0,0,1
20,0,2,148,0,1,2
0,4,10,29,0,0,0
15,3,8,76,0,0,1
6,5,4,24,1,0,0
4,1,12,22,0,0,0
21,2,3,30,0,0,0
22,2,10,30,0,0,0
2,3,11,36,0,0,0
11,1,8,93,0,0,1
15,0,2,90,0,0,1
18,0,11,113,0,1,2
4,4,11,31,0,0,0
21,4,3,34,0,0,0
13,0,12,85,0,0,1
4,2,3,30,0,0,0
14,5,10,59,1,0,1
16,2,11,91,0,0,1
13,4,1,69,0,0,1
19,3,6,123,0,1,2
4,0,2,37,0,0,0
11,4,1,80,0,0,1
15,4,2,56,0,0,1
15,5,12,48,1,0,1
20,0,6,109,0,1,2
6,5,4,25,1,0,0
3,0,6,23,0,0,0
0,5,12,24,1,0,0
4,2,9,25,0,0,0
22,3,10,38,0,0,0
9,3,12,122,0,1,2
21,0,10,21,0,0,0
4,1,8,27,0,0,0
3,6,1,19,1,0,0
1,4,8,24,0,0,0
19,4,9,112,0,1,2
9,0,6,149,0,1,2
18,5,10,93,1,1,1
0,1,5,33,0,0,0
23,2,6,29,0,0,0
4,5,6,14,1,0,0
12,5,9,40,1,0,0
3,0,4,22,0,0,0
15,0,2,65,0,0,1
23,4,11,31,0,0,0
15,0,11,66,0,0,1
22,0,9,22,0,0,0
1,0,2,26,0,0,0
16,4,10,68,0,0,1
19,2,9,150,0,1,2
23,2,2,30,0,0,0
11,6,12,60,1,0,1
17,6,8,77,1,1,1
2,0,9,29,0,0,0
0,6,12,19,1,0,0
0,4,10,34,0,0,0
18,2,9,142,0,1,2
10,5,10,74,1,1,1
4,2,9,39,0,0,0
11,2,2,86,0,0,1
2,4,4,37,0,0,0
0,6,7,20,1,0,0
0,5,12,15,1,0,0
7,4,2,23,0,0,0
9,0,1,103,0,1,2
10,3,3,129,0,1,2
11,2,12,91,0,0,1
12,3,4,75,0,0,1
11,4,8,72,0,0,1
13,4,6,87,0,0,1
1,4,11,27,0,0,0
18,3,2,137,0,1,2
17,4,9,100,0,1,1
2,0,2,33,0,0,0
22,4,12,22,0,0,0
16,1,5,66,0,0,1
7,6,12,14,1,0,0
9,3,4,106,0,1,2
1,1,7,32,0,0,0
18,4,8,160,0,1,2
8,0,5,96,0,1,1
6,2,10,34,0,0,0
3,5,5,23,1,0,0
20,6,2,65,1,1,1
17,5,8,79,1,1,1
12,4,2,68,0,0,1
10,6,10,89,1,1,1
23,6,12,23,1,0,0
3,0,6,33,0,0,0
20,6,8,106,1,1,2
3,3,6,38,0,0,0
9,1,4,100,0,1,1
4,1,4,37,0,0,0
8,1,6,118,0,1,2
23,3,4,25,0,0,0
2,5,8,13,1,0,0
16,0,9,94,0,0,1
2,6,1,22,1,0,0
15,3,4,69,0,0,1
3,1,4,30,0,0,0
17,4,2,118,0,1,2
16,2,6,55,0,0,1
6,6,3,24,1,0,0
23,3,7,31,0,0,0
22,3,11,31,0,0,0
4,0,11,30,0,0,0
11,0,5,82,0,0,1
16,3,4,94,0,0,1
22,1,5,26,0,0,0
12,2,8,77,0,0,1
22,6,3,13,1,0,0
2,0,7,30,0,0,0
8,6,6,83,1,1,1
16,1,12,83,0,0,1
16,6,1,53,1,0,1
19,4,7,118,0,1,2
15,0,7,62,0,0,1
21,1,12,29,0,0,0
12,1,1,62,0,0,1
18,2,9,98,0,1,1
16,2,6,81,0,0,1
3,4,12,23,0,0,0
11,1,2,59,0,0,1
8,5,5,92,1,1,1
18,1,11,124,0,1,2
11,2,4,62,0,0,1
8,5,7,102,1,1,2
6,0,8,34,0,0,0
13,0,11,80,0,0,1
19,6,11,98,1,1,1
18,3,1,131,0,1,2
14,2,5,88,0,0,1
15,3,3,61,0,0,1
20,5,1,87,1,1,1
4,2,12,26,0,0,0
2,4,3,26,0,0,0
11,1,6,82,0,0,1
19,4,7,147,0,1,2
20,5,8,63,1,1,1
3,2,11,29,0,0,0
20,5,4,77,1,1,1
22,1,3,26,0,0,0
15,0,5,92,0,0,1
6,0,9,24,0,0,0
12,5,6,37,1,0,0
20,3,9,114,0,1,2
9,2,6,105,0,1,2
6,2,2,27,0,0,0
13,0,5,57,0,0,1
4,6,12,16,1,0,0
2,4,11,26,0,0,0
22,6,9,21,1,0,0
10,1,8,128,0,1,2
10,4,7,113,0,1,2
17,4,1,152,0,1,2
14,5,4,40,1,0,0
11,0,12,72,0,0,1
8,6,7,87,1,1,1
9,6,11,92,1,1,1
11,0,7,79,0,0,1
16,6,6,44,1,0,0
5,0,8,31,0,0,0
6,5,11,24,1,0,0
13,3,6,93,0,0,1
12,4,10,69,0,0,1
7,5,3,22,1,0,0
9,2,4,121,0,1,2
8,1,3,157,0,1,2
17,3,1,162,0,1,2
1,2,10,38,0,0,0
4,4,5,38,0,0,0
4,6,1,22,1,0,0
5,0,1,33,0,0,0
18,4,2,127,0,1,2
7,5,4,22,1,0,0
15,1,6,64,0,0,1
12,5,8,47,1,0,1
0,3,3,22,0,0,0
21,3,1,24,0,0,0
19,1,3,142,0,1,2
16,2,12,56,0,0,1
6,2,3,31,0,0,0
12,3,5,60,0,0,1
3,3,11,30,0,0,0
3,6,12,17,1,0,0
5,0,12,31,0,0,0
18,6,4,62,1,1,1
11,6,4,40,1,0,0
21,2,9,34,0,0,0
6,1,7,21,0,0,0
9,2,4,149,0,1,2
18,0,3,154,0,1,2
6,5,6,13,1,0,0
2,3,3,34,0,0,0
12,3,6,60,0,0,1
12,0,11,94,0,0,1
17,6,11,73,1,1,1
19,1,12,121,0,1,2
7,3,9,20,0,0,0
8,4,6,127,0,1,2
6,6,12,17,1,0,0
0,3,4,24,0,0,0
2,4,5,36,0,0,0
12,0,6,62,0,0,1
16,0,11,88,0,0,1
23,6,3,18,1,0,0
0,3,8,22,0,0,0
5,2,4,37,0,0,0
20,4,8,147,0,1,2
5,1,10,39,0,0,0
11,3,10,79,0,0,1
12,1,3,57,0,0,1
12,3,10,78,0,0,1
14,2,7,88,0,0,1
20,2,11,140,0,1,2
15,6,12,49,1,0,1
21,6,9,19,1,0,0
20,2,4,142,0,1,2
10,5,8,66,1,1,1
4,2,3,26,0,0,0
3,0,7,30,0,0,0
2,0,3,22,0,0,0
18,5,12,92,1,1,1
19,4,7,140,0,1,2
17,1,11,132,0,1,2
14,3,10,62,0,0,1
8,3,10,148,0,1,2
16,5,11,59,1,0,1
13,0,11,81,0,0,1
14,6,6,53,1,0,1
0,3,2,27,0,0,0
20,0,11,128,0,1,2
21,4,3,34,0,0,0
21,1,6,31,0,0,0
2,4,4,36,0,0,0
15,5,6,56,1,0,1
22,2,1,34,0,0,0
10,2,10,146,0,1,2
11,2,12,70,0,0,1
9,4,1,103,0,1,2
15,3,3,87,0,0,1
7,1,8,36,0,0,0
5,2,8,32,0,0,0
11,5,11,48,1,0,1
23,5,4,15,1,0,0
20,2,6,104,0,1,2
7,2,8,25,0,0,0
3,1,7,38,0,0,0
7,2,11,32,0,0,0
17,1,7,159,0,1,2
4,5,4,25,1,0,0
8,2,9,151,0,1,2
3,4,12,34,0,0,0
21,6,10,21,1,0,0
16,4,6,62,0,0,1
8,5,12,67,1,1,1
0,1,11,28,0,0,0
20,4,3,161,0,1,2
19,1,5,105,0,1,2
12,4,5,66,0,0,1
15,4,5,64,0,0,1
12,1,8,79,0,0,1
13,3,9,79,0,0,1
2,4,9,30,0,0,0
5,2,6,23,0,0,0
17,6,6,86,1,1,1
18,5,9,95,1,1,1
4,3,4,33,0,0,0
14,1,6,93,0,0,1
1,3,4,27,0,0,0
9,0,11,95,0,1,1
23,0,1,23,0,0,0
17,4,7,124,0,1,2
12,4,10,66,0,0,1
4,2,11,22,0,0,0
22,6,12,20,1,0,0
23,5,6,25,1,0,0
0,3,9,25,0,0,0
21,0,7,30,0,0,0
0,4,7,23,0,0,0
17,5,2,94,1,1,1
14,3,12,70,0,0,1
16,4,11,61,0,0,1
10,4,9,116,0,1,2
20,0,10,150,0,1,2
21,0,9,20,0,0,0
16,4,6,83,0,0,1
12,1,3,93,0,0,1
0,4,1,31,0,0,0
1,5,4,16,1,0,0
8,4,3,149,0,1,2
2,2,12,26,0,0,0
0,6,1,18,1,0,0
20,2,3,156,0,1,2
15,2,4,80,0,0,1
22,1,8,27,0,0,0
5,1,9,28,0,0,0
16,4,3,88,0,0,1
4,2,6,32,0,0,0
4,1,10,32,0,0,0
5,0,11,23,0,0,0
2,4,5,31,0,0,0
20,5,6,72,1,1,1
22,6,4,13,1,0,0
4,3,10,32,0,0,0
20,4,6,125,0,1,2
4,3,7,37,0,0,0
9,2,9,122,0,1,2
9,6,10,100,1,1,1
18,3,7,121,0,1,2
16,2,6,69,0,0,1
20,0,1,127,0,1,2
13,3,2,74,0,0,1
8,6,1,88,1,1,1
13,4,9,66,0,0,1
0,2,10,24,0,0,0
18,4,10,117,0,1,2
12,6,9,40,1,0,0
12,1,7,86,0,0,1
3,2,2,35,0,0,0
0,3,6,33,0,0,0
16,2,11,81,0,0,1
7,4,4,32,0,0,0
1,0,1,32,0,0,0
7,2,1,24,0,0,0
6,3,12,35,0,0,0
1,1,5,30,0,0,0
21,5,12,15,1,0,0
21,0,2,32,0,0,0
2,1,4,30,0,0,0
17,2,1,141,0,1,2
11,4,4,93,0,0,1
0,6,11,16,1,0,0
21,4,6,25,0,0,0
11,3,10,86,0,0,1
4,4,4,22,0,0,0
16,0,1,93,0,0,1
15,4,7,91,0,0,1
14,3,2,76,0,0,1
22,5,9,17,1,0,0
14,2,3,71,0,0,1
4,6,8,25,1,0,0
20,2,8,127,0,1,2
13,4,3,71,0,0,1
1,1,4,29,0,0,0
10,2,2,121,0,1,2
18,5,4,66,1,1,1
6,4,11,29,0,0,0
5,6,11,23,1,0,0
1,3,11,37,0,0,0
5,5,9,25,1,0,0
17,4,2,110,0,1,2
1,5,12,23,1,0,0
17,2,12,113,0,1,2
14,6,3,40,1,0,0
18,3,11,132,0,1,2
1,4,11,25,0,0,0
19,0,4,147,0,1,2
5,3,5,28,0,0,0
0,0,1,23,0,0,0
23,5,7,20,1,0,0
14,1,10,66,0,0,1
22,3,7,36,0,0,0
9,5,9,86,1,1,1
18,0,4,136,0,1,2
16,2,6,66,0,0,1
4,2,11,26,0,0,0
3,1,2,37,0,0,0
9,3,12,100,0,1,1
23,3,12,31,0,0,0
16,3,4,89,0,0,1
9,5,2,96,1,1,1
16,6,10,38,1,0,0
19,6,5,71,1,1,1
23,1,7,27,0,0,0
4,3,1,39,0,0,0
1,5,10,19,1,0,0
5,2,10,29,0,0,0
20,0,7,150,0,1,2
1,5,10,20,1,0,0
12,6,6,53,1,0,1
10,6,6,106,1,1,2
10,2,12,114,0,1,2
15,2,8,59,0,0,1
10,0,8,117,0,1,2
18,2,6,103,0,1,2
14,1,3,83,0,0,1
22,0,5,35,0,0,0
22,2,2,33,0,0,0
15,4,5,76,0,0,1
10,5,9,102,1,1,2
21,2,10,27,0,0,0
15,1,1,74,0,0,1
7,3,10,38,0,0,0
3,2,5,33,0,0,0
7,6,12,16,1,0,0
3,6,6,15,1,0,0
23,6,11,24,1,0,0
2,3,7,21,0,0,0
2,6,9,19,1,0,0
17,4,6,127,0,1,2
18,2,5,125,0,1,2
18,6,12,96,1,1,1
20,0,7,138,0,1,2
4,3,1,21,0,0,0
17,4,11,156,0,1,2
9,0,5,117,0,1,2
21,0,2,33,0,0,0
20,0,4,150,0,1,2
5,0,7,26,0,0,0
0,2,5,22,0,0,0
4,6,12,16,1,0,0
8,5,6,83,1,1,1
11,2,2,84,0,0,1
13,2,3,71,0,0,1
1,4,7,29,0,0,0
16,4,11,89,0,0,1
13,6,2,48,1,0,1
12,5,12,46,1,0,1
8,4,6,139,0,1,2
14,6,5,52,1,0,1
21,6,10,23,1,0,0
14,1,1,90,0,0,1
23,5,12,18,1,0,0
10,4,11,105,0,1,2
15,5,10,59,1,0,1
16,2,11,60,0,0,1
3,2,4,28,0,0,0
0,5,11,22,1,0,0
7,1,2,21,0,0,0
16,1,4,90,0,0,1
2,5,1,15,1,0,0
19,4,2,111,0,1,2
14,3,8,94,0,0,1
14,1,6,94,0,0,1
23,0,2,31,0,0,0
21,2,12,27,0,0,0
13,5,6,47,1,0,1
22,0,10,22,0,0,0
13,5,9,46,1,0,1
23,6,7,24,1,0,0
1,2,9,38,0,0,0
12,2,5,60,0,0,1
13,1,7,70,0,0,1
23,1,11,27,0,0,0
18,0,7,112,0,1,2
6,6,12,25,1,0,0
2,5,12,22,1,0,0
14,6,3,60,1,0,1
22,2,7,36,0,0,0
13,0,1,66,0,0,1
10,3,9,104,0,1,2
14,0,10,61,0,0,1
12,4,6,55,0,0,1
17,0,5,143,0,1,2
5,6,7,14,1,0,0
2,4,5,24,0,0,0
18,4,10,118,0,1,2
14,4,5,79,0,0,1
22,3,11,26,0,0,0
4,0,10,29,0,0,0
9,6,11,76,1,1,1
6,0,7,30,0,0,0
16,3,10,63,0,0,1
6,2,7,31,0,0,0
21,1,11,22,0,0,0
11,6,3,37,1,0,0
16,6,3,58,1,0,1
12,0,10,82,0,0,1
19,1,12,151,0,1,2
3,5,3,20,1,0,0
9,5,6,76,1,1,1
2,3,12,38,0,0,0
8,5,6,86,1,1,1
12,6,3,50,1,0,1
17,5,3,68,1,1,1
14,2,8,88,0,0,1
3,2,8,26,0,0,0
14,2,7,65,0,0,1
21,5,10,20,1,0,0
1,3,4,21,0,0,0
14,4,4,93,0,0,1
7,4,3,34,0,0,0
7,1,5,30,0,0,0
16,4,3,88,0,0,1
11,4,8,93,0,0,1
18,2,7,162,0,1,2
9,2,3,123,0,1,2
8,5,9,104,1,1,2
4,1,12,35,0,0,0
5,0,5,26,0,0,0
19,6,9,85,1,1,1
1,1,7,36,0,0,0
23,1,7,31,0,0,0
12,3,6,73,0,0,1
5,5,2,16,1,0,0
4,3,9,25,0,0,0
0,1,6,27,0,0,0
20,1,8,160,0,1,2
21,1,1,28,0,0,0
20,4,5,164,0,1,2
5,6,12,16,1,0,0
5,6,1,16,1,0,0
22,3,10,38,0,0,0
15,1,11,60,0,0,1
3,6,8,19,1,0,0
10,2,8,123,0,1,2
23,6,1,19,1,0,0
22,5,9,16,1,0,0
8,5,2,104,1,1,2
22,6,12,24,1,0,0
2,2,9,23,0,0,0
18,5,1,98,1,1,1
7,4,12,25,0,0,0
4,6,10,23,1,0,0
3,4,9,24,0,0,0
23,6,4,16,1,0,0
5,0,9,28,0,0,0
1,0,7,20,0,0,0
19,0,11,159,0,1,2
10,5,6,65,1,1,1
3,4,5,37,0,0,0
14,4,11,64,0,0,1
5,4,9,30,0,0,0
21,2,2,20,0,0,0
16,4,11,55,0,0,1
23,2,12,32,0,0,0
5,0,2,24,0,0,0
18,0,11,159,0,1,2
1,5,12,25,1,0,0
14,6,9,37,1,0,0
10,0,12,125,0,1,2
7,6,3,23,1,0,0
18,6,8,96,1,1,1
12,5,11,53,1,0,1
11,1,9,90,0,0,1
4,1,8,24,0,0,0
5,3,4,36,0,0,0
21,5,12,13,1,0,0
3,3,1,24,0,0,0
18,3,4,98,0,1,1
19,1,9,130,0,1,2
0,5,2,16,1,0,0
19,1,3,115,0,1,2
16,3,10,67,0,0,1
11,5,8,59,1,0,1
14,3,6,79,0,0,1
0,4,8,26,0,0,0
13,6,7,48,1,0,1
5,5,5,13,1,0,0
4,5,9,21,1,0,0
10,6,4,97,1,1,1
3,3,6,23,0,0,0
12,4,2,71,0,0,1
10,2,2,115,0,1,2
2,6,2,21,1,0,0
0,1,10,35,0,0,0
5,3,7,33,0,0,0
17,6,2,71,1,1,1
23,6,12,25,1,0,0
9,5,2,79,1,1,1
4,1,9,27,0,0,0
22,1,7,22,0,0,0
9,1,11,113,0,1,2
11,6,3,56,1,0,1
1,2,3,21,0,0,0
12,0,7,69,0,0,1
7,3,5,29,0,0,0
1,0,10,37,0,0,0
19,6,6,75,1,1,1
0,0,12,33,0,0,0
4,6,8,23,1,0,0
8,0,9,107,0,1,2
16,1,1,87,0,0,1
8,4,3,99,0,1,1
10,1,11,121,0,1,2
14,1,7,68,0,0,1
23,5,6,14,1,0,0
5,5,7,22,1,0,0
22,0,8,38,0,0,0
2,6,6,23,1,0,0
16,1,3,84,0,0,1
4,0,2,22,0,0,0
11,5,12,44,1,0,0
17,4,7,106,0,1,2
13,3,12,82,0,0,1
20,0,12,138,0,1,2
23,4,12,30,0,0,0
10,3,11,111,0,1,2
8,2,1,134,0,1,2
1,0,3,36,0,0,0
11,0,12,75,0,0,1
2,2,11,39,0,0,0
2,2,4,30,0,0,0
0,0,1,21,0,0,0
7,2,5,29,0,0,0
21,1,10,29,0,0,0
7,3,3,30,0,0,0
10,3,2,164,0,1,2
8,3,3,137,0,1,2
4,1,8,32,0,0,0
13,6,6,59,1,0,1
2,2,7,25,0,0,0
20,4,12,159,0,1,2
4,2,6,25,0,0,0
4,0,6,37,0,0,0
18,5,12,75,1,1,1
13,3,3,78,0,0,1
3,2,12,34,0,0,0
12,4,8,80,0,0,1
9,0,12,145,0,1,2
17,1,7,142,0,1,2
7,6,7,16,1,0,0
7,1,6,25,0,0,0
6,4,5,22,0,0,0
7,0,10,29,0,0,0
13,3,8,55,0,0,1
18,2,5,154,0,1,2
5,0,9,33,0,0,0
0,6,9,14,1,0,0
22,1,1,31,0,0,0
14,6,6,59,1,0,1
0,6,7,19,1,0,0
16,4,3,66,0,0,1
0,4,7,29,0,0,0
14,2,11,93,0,0,1
22,4,11,26,0,0,0
1,4,7,30,0,0,0
13,0,11,90,0,0,1
20,3,2,146,0,1,2
7,2,7,20,0,0,0
7,0,1,32,0,0,0
18,3,5,112,0,1,2
6,6,9,18,1,0,0
18,0,7,152,0,1,2
5,5,7,18,1,0,0
5,0,11,28,0,0,0
2,4,12,29,0,0,0
6,3,2,21,0,0,0
18,2,8,109,0,1,2
7,2,3,22,0,0,0
9,3,8,137,0,1,2
19,4,3,125,0,1,2
14,1,10,60,0,0,1
14,0,7,57,0,0,1
0,4,2,30,0,0,0
19,5,4,70,1,1,1
6,6,11,20,1,0,0
3,3,6,39,0,0,0
5,0,11,29,0,0,0
0,2,9,25,0,0,0
4,6,5,22,1,0,0
22,1,9,37,0,0,0
0,5,5,24,1,0,0
3,2,10,26,0,0,0
21,3,8,34,0,0,0
1,0,1,37,0,0,0
9,3,7,96,0,1,1
4,6,4,17,1,0,0
9,0,5,137,0,1,2
0,4,6,26,0,0,0
21,1,5,25,0,0,0
5,4,12,29,0,0,0
12,4,1,59,0,0,1
14,3,12,65,0,0,1
3,6,9,13,1,0,0
12,1,2,88,0,0,1
23,0,9,20,0,0,0
19,0,10,96,0,1,1
23,5,2,25,1,0,0
14,2,9,77,0,0,1
7,5,6,14,1,0,0
4,5,11,20,1,0,0
14,0,9,76,0,0,1
3,3,6,39,0,0,0
11,4,6,72,0,0,1
12,6,11,35,1,0,0
1,4,2,20,0,0,0
18,4,8,118,0,1,2
18,1,3,108,0,1,2
3,0,7,23,0,0,0
3,6,5,15,1,0,0
10,3,3,118,0,1,2
4,1,1,32,0,0,0
19,2,8,118,0,1,2
10,3,3,118,0,1,2
9,5,2,96,1,1,1
7,3,1,21,0,0,0
5,3,4,35,0,0,0
5,4,8,25,0,0,0
7,3,3,33,0,0,0
22,5,1,13,1,0,0
14,5,4,42,1,0,0
13,0,9,89,0,0,1
10,3,1,137,0,1,2
11,4,12,83,0,0,1
12,3,11,91,0,0,1
7,2,2,36,0,0,0
17,2,9,152,0,1,2
0,4,2,26,0,0,0
14,0,3,82,0,0,1
7,0,7,30,0,0,0
10,5,3,63,1,1,1
11,5,9,41,1,0,0
11,1,6,68,0,0,1
3,4,3,31,0,0,0
15,3,9,84,0,0,1
3,6,1,18,1,0,0
4,4,10,38,0,0,0
23,1,3,20,0,0,0
4,5,1,18,1,0,0
7,4,2,21,0,0,0
9,4,12,124,0,1,2
16,5,8,60,1,0,1
8,1,7,146,0,1,2
21,5,2,18,1,0,0
18,0,2,116,0,1,2
13,3,9,88,0,0,1
7,5,6,21,1,0,0
8,1,5,143,0,1,2
21,2,10,20,0,0,0
10,0,6,147,0,1,2
22,2,9,38,0,0,0
0,6,11,14,1,0,0
13,5,7,61,1,0,1
4,0,10,32,0,0,0
20,3,10,162,0,1,2
13,5,9,40,1,0,0
3,3,4,28,0,0,0
21,4,2,37,0,0,0
22,2,12,31,0,0,0
0,0,8,29,0,0,0
21,3,4,30,0,0,0
22,1,9,26,0,0,0
18,3,4,100,0,1,1
7,1,8,38,0,0,0
14,5,9,39,1,0,0
20,0,9,163,0,1,2
14,3,10,70,0,0,1
8,6,4,61,1,1,1
20,3,1,131,0,1,2
8,6,3,85,1,1,1
9,0,9,158,0,1,2
19,3,4,156,0,1,2
20,1,5,155,0,1,2
8,3,7,127,0,1,2
2,2,5,21,0,0,0
19,5,4,80,1,1,1
10,4,2,114,0,1,2
5,1,2,37,0,0,0
1,2,4,30,0,0,0
6,6,10,18,1,0,0
17,5,10,76,1,1,1
1,0,9,23,0,0,0
16,1,8,91,0,0,1
10,4,3,98,0,1,1
11,5,9,43,1,0,0
18,6,5,72,1,1,1
21,4,11,21,0,0,0
23,0,3,35,0,0,0
6,0,5,20,0,0,0
19,6,10,98,1,1,1
5,1,4,38,0,0,0
20,6,8,79,1,1,1
23,3,12,22,0,0,0
0,0,5,26,0,0,0
16,5,10,41,1,0,0
10,3,12,159,0,1,2
21,2,8,29,0,0,0
17,4,9,103,0,1,2
20,3,4,154,0,1,2
16,4,7,69,0,0,1
6,6,2,14,1,0,0
16,3,6,59,0,0,1
19,6,8,75,1,1,1
8,2,12,158,0,1,2
16,0,7,77,0,0,1
19,2,7,150,0,1,2
21,0,8,31,0,0,0
21,6,7,18,1,0,0
7,0,5,25,0,0,0
16,4,7,88,0,0,1
6,5,10,18,1,0,0
0,2,3,36,0,0,0
12,3,5,87,0,0,1
22,2,7,38,0,0,0
18,4,9,154,0,1,2
23,0,2,25,0,0,0
18,4,4,131,0,1,2
16,1,12,85,0,0,1
12,1,7,88,0,0,1
15,3,1,83,0,0,1
7,4,2,33,0,0,0
18,6,9,84,1,1,1
17,3,10,130,0,1,2
0,6,7,22,1,0,0
13,3,12,62,0,0,1
18,1,10,120,0,1,2
14,3,7,90,0,0,1
17,1,6,142,0,1,2
1,0,3,23,0,0,0
21,6,10,22,1,0,0
16,4,3,76,0,0,1
17,3,2,145,0,1,2
5,1,11,27,0,0,0
18,2,6,136,0,1,2
3,6,4,15,1,0,0
0,3,5,37,0,0,0
7,5,3,18,1,0,0
22,0,6,29,0,0,0
6,0,11,26,0,0,0
2,2,12,37,0,0,0
9,1,3,95,0,1,1
9,3,8,133,0,1,2
18,6,9,74,1,1,1
13,1,4,55,0,0,1
1,0,9,34,0,0,0
0,1,12,23,0,0,0
22,0,7,39,0,0,0
22,1,3,29,0,0,0
17,2,7,128,0,1,2
6,4,1,33,0,0,0
7,2,3,35,0,0,0
0,2,6,20,0,0,0
22,4,4,21,0,0,0
2,4,7,26,0,0,0
23,3,3,29,0,0,0
22,6,1,25,1,0,0
7,6,9,13,1,0,0
21,3,6,32,0,0,0
14,2,8,55,0,0,1
4,2,3,24,0,0,0
2,0,8,35,0,0,0
18,0,2,109,0,1,2
0,6,12,23,1,0,0
14,3,4,82,0,0,1
7,5,3,22,1,0,0
1,5,10,20,1,0,0
2,3,1,30,0,0,0
23,0,7,36,0,0,0
13,6,11,57,1,0,1
23,6,10,20,1,0,0
13,0,2,68,0,0,1
10,5,4,68,1,1,1
15,1,9,82,0,0,1
3,1,6,29,0,0,0
19,0,8,155,0,1,2
4,1,2,36,0,0,0
21,4,7,34,0,0,0
20,3,6,104,0,1,2
13,3,9,62,0,0,1
22,0,7,32,0,0,0
15,2,1,59,0,0,1
17,5,8,106,1,1,2
6,0,11,36,0,0,0
9,1,10,114,0,1,2
6,5,3,22,1,0,0
0,2,2,28,0,0,0
22,1,12,21,0,0,0
20,6,3,85,1,1,1
18,4,11,95,0,1,1
15,1,6,58,0,0,1
18,4,3,148,0,1,2
3,5,10,14,1,0,0
17,4,5,103,0,1,2
1,5,6,20,1,0,0
0,5,8,18,1,0,0
14,5,7,57,1,0,1
4,5,11,19,1,0,0
19,5,8,75,1,1,1
10,1,3,164,0,1,2
9,5,4,62,1,1,1
1,1,6,21,0,0,0
2,5,11,18,1,0,0
22,4,7,35,0,0,0
22,6,9,20,1,0,0
11,5,1,35,1,0,0
19,2,8,142,0,1,2
4,5,8,24,1,0,0
4,5,6,20,1,0,0
5,4,4,34,0,0,0
8,3,3,147,0,1,2
1,4,11,31,0,0,0
20,2,3,102,0,1,2
11,3,6,64,0,0,1
2,0,8,33,0,0,0
19,0,7,163,0,1,2
21,2,11,37,0,0,0
11,4,1,73,0,0,1
23,1,11,34,0,0,0
16,2,6,92,0,0,1
9,6,7,68,1,1,1
23,3,12,30,0,0,0
13,3,7,74,0,0,1
22,5,9,25,1,0,0
16,0,11,75,0,0,1
17,3,11,151,0,1,2
18,2,10,144,0,1,2
16,3,5,64,0,0,1
13,2,1,88,0,0,1
8,1,2,120,0,1,2
7,5,4,18,1,0,0
1,0,5,33,0,0,0
12,3,9,85,0,0,1
6,2,11,29,0,0,0
8,4,1,162,0,1,2
21,0,3,25,0,0,0
21,1,5,33,0,0,0
10,2,3,162,0,1,2
13,6,4,52,1,0,1
3,6,3,22,1,0,0
12,5,4,60,1,0,1
1,5,1,23,1,0,0
22,1,12,38,0,0,0
4,1,8,38,0,0,0
10,5,4,106,1,1,2
5,3,7,30,0,0,0
17,3,2,124,0,1,2
20,2,2,119,0,1,2
9,4,6,120,0,1,2
3,2,2,38,0,0,0
8,4,6,125,0,1,2
5,1,11,29,0,0,0
1,0,2,28,0,0,0
16,2,4,90,0,0,1
4,2,7,34,0,0,0
5,4,8,32,0,0,0
11,1,3,79,0,0,1
22,1,9,21,0,0,0
20,6,2,104,1,1,2
9,4,8,110,0,1,2
21,1,8,28,0,0,0
20,5,4,79,1,1,1
5,3,1,32,0,0,0
7,6,1,14,1,0,0
1,5,2,18,1,0,0
11,0,12,67,0,0,1
12,2,9,85,0,0,1
20,6,2,81,1,1,1
6,0,2,21,0,0,0
9,2,6,153,0,1,2
12,3,7,56,0,0,1
16,1,7,92,0,0,1
20,5,9,96,1,1,1
13,4,6,94,0,0,1
1,5,8,15,1,0,0
21,3,11,28,0,0,0
10,0,6,159,0,1,2
0,4,2,28,0,0,0
18,1,1,149,0,1,2
20,3,5,98,0,1,1
3,4,9,22,0,0,0
18,3,8,104,0,1,2
20,3,4,141,0,1,2
10,1,5,108,0,1,2
7,6,5,16,1,0,0
10,2,6,106,0,1,2
3,4,3,32,0,0,0
16,1,5,71,0,0,1
6,3,2,35,0,0,0
7,1,10,22,0,0,0
2,6,1,13,1,0,0
21,2,11,30,0,0,0
1,5,1,18,1,0,0
22,4,10,22,0,0,0
14,2,7,83,0,0,1
23,0,2,37,0,0,0
21,4,4,39,0,0,0
21,2,5,34,0,0,0
4,3,7,33,0,0,0
23,4,2,21,0,0,0
0,4,6,36,0,0,0
3,1,1,27,0,0,0
14,3,7,72,0,0,1
19,0,9,124,0,1,2
18,5,5,77,1,1,1
2,6,5,24,1,0,0
19,2,4,102,0,1,2
10,1,3,97,0,1,1
16,2,9,57,0,0,1
12,0,5,76,0,0,1
10,0,8,111,0,1,2
1,4,9,33,0,0,0
8,6,5,66,1,1,1
1,0,10,31,0,0,0
20,2,9,131,0,1,2
8,3,2,105,0,1,2
8,3,9,114,0,1,2
7,4,11,22,0,0,0
16,5,4,42,1,0,0
0,2,6,39,0,0,0
10,2,6,102,0,1,2
7,0,6,23,0,0,0
9,6,2,78,1,1,1
6,2,7,31,0,0,0
2,1,6,27,0,0,0
2,5,11,16,1,0,0
17,0,1,141,0,1,2
4,1,2,31,0,0,0
11,4,7,81,0,0,1
11,3,1,75,0,0,1
18,4,1,146,0,1,2
5,3,1,39,0,0,0
1,4,8,23,0,0,0
11,2,4,65,0,0,1
18,1,4,98,0,1,1
4,3,2,31,0,0,0
11,0,11,63,0,0,1
16,1,11,67,0,0,1
16,0,11,80,0,0,1
9,1,1,133,0,1,2
22,1,12,38,0,0,0
16,4,10,78,0,0,1
14,3,9,73,0,0,1
11,3,7,67,0,0,1
15,6,4,43,1,0,0
23,1,12,21,0,0,0
18,2,6,104,0,1,2
7,2,2,32,0,0,0
20,0,7,152,0,1,2
16,0,2,63,0,0,1
22,4,10,20,0,0,0
4,1,8,33,0,0,0
21,0,8,35,0,0,0
15,0,1,74,0,0,1
5,5,8,22,1,0,0
7,1,2,20,0,0,0
17,4,6,111,0,1,2
11,0,1,78,0,0,1
14,4,5,84,0,0,1
8,3,11,156,0,1,2
12,4,7,67,0,0,1
14,2,10,70,0,0,1
9,2,1,160,0,1,2
15,4,2,71,0,0,1
6,2,7,30,0,0,0
16,3,6,62,0,0,1
22,1,3,39,0,0,0
20,2,10,97,0,1,1
21,2,2,31,0,0,0
6,4,10,39,0,0,0
13,3,4,70,0,0,1
14,6,3,44,1,0,0
20,6,7,99,1,1,1
6,6,8,23,1,0,0
8,6,2,102,1,1,2
18,1,10,156,0,1,2
15,4,7,87,0,0,1
7,4,8,31,0,0,0
17,5,6,70,1,1,1
22,3,6,37,0,0,0
17,6,10,76,1,1,1
19,1,1,139,0,1,2
6,3,4,34,0,0,0
2,6,1,16,1,0,0
17,1,4,109,0,1,2
9,3,2,140,0,1,2
6,4,11,25,0,0,0
16,4,5,65,0,0,1
13,0,10,83,0,0,1
23,2,9,39,0,0,0
2,6,11,24,1,0,0
11,5,12,36,1,0,0
12,3,10,76,0,0,1
1,5,3,25,1,0,0
2,0,8,20,0,0,0
4,2,3,27,0,0,0
10,3,6,119,0,1,2
7,1,4,33,0,0,0
22,6,8,18,1,0,0
22,2,11,21,0,0,0
11,4,6,77,0,0,1
6,0,8,24,0,0,0
14,2,1,79,0,0,1
23,6,6,17,1,0,0
16,2,1,70,0,0,1
3,6,1,22,1,0,0
21,4,8,32,0,0,0
12,3,7,69,0,0,1
17,1,3,159,0,1,2
0,4,6,22,0,0,0
15,1,9,92,0,0,1
12,3,7,68,0,0,1
9,2,12,130,0,1,2
11,1,3,72,0,0,1
1,0,6,34,0,0,0
22,0,11,28,0,0,0
2,6,4,24,1,0,0
9,4,3,161,0,1,2
1,3,9,29,0,0,0
22,6,10,23,1,0,0
12,4,2,93,0,0,1
12,4,1,55,0,0,1
17,6,2,98,1,1,1
2,5,7,19,1,0,0
6,4,10,36,0,0,0
13,5,1,38,1,0,0
19,0,6,151,0,1,2
16,0,7,83,0,0,1
20,4,9,109,0,1,2
11,0,8,89,0,0,1
15,3,6,91,0,0,1
23,5,3,20,1,0,0
11,5,8,54,1,0,1
14,4,7,74,0,0,1
9,0,3,131,0,1,2
6,1,9,22,0,0,0
19,6,12,87,1,1,1
4,6,2,16,1,0,0
0,5,3,13,1,0,0
16,4,2,77,0,0,1
2,4,1,35,0,0,0
12,3,4,63,0,0,1
13,2,5,67,0,0,1
23,2,6,38,0,0,0
17,5,5,102,1,1,2
3,6,1,25,1,0,0
17,3,3,132,0,1,2
4,3,1,23,0,0,0
15,3,11,55,0,0,1
0,5,5,24,1,0,0
20,2,5,157,0,1,2
13,6,12,40,1,0,0
14,3,11,67,0,0,1
8,6,6,87,1,1,1
14,0,8,69,0,0,1
16,4,10,58,0,0,1
23,4,12,20,0,0,0
3,6,1,14,1,0,0
11,1,4,64,0,0,1
4,1,10,23,0,0,0
4,5,11,25,1,0,0
10,5,1,68,1,1,1
5,4,9,37,0,0,0
6,0,11,31,0,0,0
23,2,7,35,0,0,0
13,2,7,91,0,0,1
23,5,12,25,1,0,0
10,0,5,119,0,1,2
12,5,7,42,1,0,0
1,2,12,30,0,0,0
6,6,2,18,1,0,0
19,5,4,93,1,1,1
3,3,7,22,0,0,0
7,6,3,25,1,0,0
19,5,2,92,1,1,1
21,4,10,33,0,0,0
20,5,2,61,1,1,1
18,4,1,119,0,1,2
12,0,5,62,0,0,1
13,2,12,59,0,0,1
9,6,6,64,1,1,1
10,6,6,73,1,1,1
1,1,9,28,0,0,0
8,1,4,144,0,1,2
16,2,1,70,0,0,1
2,1,6,20,0,0,0
23,6,5,13,1,0,0
5,5,10,21,1,0,0
4,0,6,33,0,0,0
4,0,3,20,0,0,0
21,2,2,35,0,0,0
14,1,6,69,0,0,1
22,5,1,22,1,0,0
16,0,7,70,0,0,1
8,0,7,108,0,1,2
2,3,10,34,0,0,0
19,3,7,149,0,1,2
16,6,12,44,1,0,0
9,0,11,128,0,1,2
2,2,10,21,0,0,0
17,4,1,121,0,1,2
17,4,4,117,0,1,2
16,5,7,37,1,0,0
23,0,11,33,0,0,0
2,0,9,29,0,0,0
2,6,5,13,1,0,0
5,0,2,23,0,0,0
12,2,7,86,0,0,1
23,3,10,20,0,0,0
14,0,1,80,0,0,1
8,0,7,158,0,1,2
3,6,6,25,1,0,0
13,1,7,69,0,0,1
4,6,10,20,1,0,0
1,6,3,13,1,0,0
10,2,3,113,0,1,2
8,5,7,76,1,1,1
23,0,2,32,0,0,0
2,6,1,19,1,0,0
8,6,9,99,1,1,1
2,1,9,34,0,0,0
1,6,7,18,1,0,0
11,4,7,81,0,0,1
9,5,3,100,1,1,1
8,0,10,146,0,1,2
14,0,2,82,0,0,1
7,1,11,20,0,0,0
4,2,7,36,0,0,0
10,0,9,138,0,1,2
1,4,1,29,0,0,0
23,0,4,24,0,0,0
14,4,6,83,0,0,1
5,5,7,24,1,0,0
7,5,10,22,1,0,0
4,3,7,25,0,0,0
15,3,10,93,0,0,1
17,4,2,164,0,1,2
5,2,4,27,0,0,0
4,0,5,31,0,0,0
15,6,12,44,1,0,0
12,0,1,64,0,0,1
4,3,1,39,0,0,0
12,6,10,44,1,0,0
16,4,3,85,0,0,1
17,6,10,65,1,1,1
7,0,3,28,0,0,0
12,0,12,64,0,0,1
18,2,8,104,0,1,2
2,1,9,35,0,0,0
23,6,11,16,1,0,0
7,3,12,24,0,0,0
1,3,1,22,0,0,0
7,1,11,37,0,0,0
12,0,2,69,0,0,1
12,2,10,75,0,0,1
0,2,2,39,0,0,0
5,3,4,24,0,0,0
23,2,2,31,0,0,0
18,5,7,105,1,1,2
15,1,9,63,0,0,1
7,0,7,26,0,0,0
0,5,12,18,1,0,0
15,1,6,82,0,0,1
8,4,10,117,0,1,2
12,6,1,61,1,0,1
10,3,11,138,0,1,2
12,2,10,76,0,0,1
20,4,9,118,0,1,2
9,2,5,145,0,1,2
3,5,11,13,1,0,0
5,0,5,35,0,0,0
6,0,6,36,0,0,0
4,0,9,37,0,0,0
10,2,8,164,0,1,2
12,4,8,84,0,0,1
18,0,8,117,0,1,2
22,4,1,29,0,0,0
9,2,1,151,0,1,2
9,5,8,66,1,1,1
10,4,5,125,0,1,2
20,5,9,66,1,1,1
6,2,2,32,0,0,0
17,2,9,152,0,1,2
3,3,12,22,0,0,0
1,2,8,22,0,0,0
13,2,9,87,0,0,1
12,1,4,75,0,0,1
11,0,1,85,0,0,1
6,3,1,39,0,0,0
1,6,5,13,1,0,0
12,3,2,86,0,0,1
13,3,8,89,0,0,1
16,6,10,44,1,0,0
8,1,11,100,0,1,1
16,5,5,48,1,0,1
7,2,5,20,0,0,0
1,0,2,39,0,0,0
23,4,7,38,0,0,0
12,6,8,56,1,0,1
2,5,10,13,1,0,0
15,6,1,44,1,0,0
5,2,2,33,0,0,0
18,1,10,113,0,1,2
6,6,4,19,1,0,0
9,2,5,109,0,1,2
8,2,2,100,0,1,1
1,1,1,39,0,0,0
14,3,9,63,0,0,1
4,3,1,24,0,0,0
21,0,4,39,0,0,0
3,0,2,21,0,0,0
19,3,11,132,0,1,2
3,5,4,24,1,0,0
17,4,8,145,0,1,2
3,2,8,28,0,0,0
16,4,11,86,0,0,1
11,2,12,60,0,0,1
21,3,9,33,0,0,0
16,0,11,82,0,0,1
9,5,12,98,1,1,1
21,0,5,32,0,0,0
0,4,7,30,0,0,0
21,0,3,31,0,0,0
23,3,10,38,0,0,0
17,5,4,73,1,1,1
17,4,10,115,0,1,2
13,5,9,52,1,0,1
14,2,10,73,0,0,1
11,0,10,78,0,0,1
3,5,12,20,1,0,0
2,1,1,33,0,0,0
19,0,2,123,0,1,2
11,2,5,71,0,0,1
6,5,3,14,1,0,0
10,4,2,138,0,1,2
0,2,1,32,0,0,0
5,1,10,23,0,0,0
14,5,3,41,1,0,0
14,6,1,51,1,0,1
18,6,12,104,1,1,2
10,3,1,96,0,1,1
22,0,12,36,0,0,0
1,4,1,25,0,0,0
13,3,8,80,0,0,1
1,5,3,17,1,0,0
3,6,11,14,1,0,0
16,6,1,52,1,0,1
2,6,7,24,1,0,0
12,5,10,35,1,0,0
8,6,3,100,1,1,1
6,2,8,35,0,0,0
14,5,4,60,1,0,1
22,4,4,22,0,0,0
10,3,5,162,0,1,2
19,4,6,135,0,1,2
1,1,7,24,0,0,0
14,6,4,44,1,0,0
13,1,8,62,0,0,1
19,0,6,132,0,1,2
21,0,1,37,0,0,0
10,1,1,150,0,1,2
2,5,9,22,1,0,0
16,4,10,80,0,0,1
11,1,6,93,0,0,1
23,0,10,29,0,0,0
20,1,8,143,0,1,2
14,5,7,47,1,0,1
15,1,12,84,0,0,1
4,4,6,24,0,0,0
19,3,4,125,0,1,2
5,5,7,25,1,0,0
18,0,9,117,0,1,2
4,4,11,35,0,0,0
2,1,10,32,0,0,0
0,1,10,27,0,0,0
5,3,7,25,0,0,0
14,0,1,92,0,0,1
1,0,10,28,0,0,0
2,2,9,23,0,0,0
16,0,4,81,0,0,1
23,3,3,30,0,0,0
11,6,4,38,1,0,0
17,2,4,151,0,1,2
14,2,10,71,0,0,1
11,1,11,61,0,0,1
15,1,2,81,0,0,1
7,0,12,34,0,0,0
13,2,1,69,0,0,1
16,1,12,67,0,0,1
20,3,10,105,0,1,2
7,1,12,32,0,0,0
14,5,1,52,1,0,1
13,5,8,49,1,0,1
17,1,2,118,0,1,2
19,2,12,98,0,1,1
6,6,10,23,1,0,0
2,6,5,21,1,0,0
11,2,12,72,0,0,1
20,4,4,137,0,1,2
23,6,8,22,1,0,0
2,5,2,13,1,0,0
19,3,10,104,0,1,2
13,2,9,63,0,0,1
14,0,7,85,0,0,1
13,5,7,53,1,0,1
6,3,1,22,0,0,0
16,3,12,68,0,0,1
11,2,2,79,0,0,1
19,3,4,109,0,1,2
3,2,4,21,0,0,0
8,6,11,76,1,1,1
5,1,3,33,0,0,0
15,5,7,39,1,0,0
21,4,12,23,0,0,0
21,1,8,37,0,0,0
20,5,2,76,1,1,1
20,2,4,121,0,1,2
1,5,3,15,1,0,0
23,6,2,16,1,0,0
7,2,12,26,0,0,0
10,1,6,157,0,1,2
12,0,4,69,0,0,1
16,0,6,80,0,0,1
7,5,2,13,1,0,0
20,0,12,98,0,1,1
17,2,4,123,0,1,2
17,3,11,95,0,1,1
13,2,6,76,0,0,1
14,3,5,65,0,0,1
5,1,3,29,0,0,0
10,4,8,153,0,1,2
12,3,7,71,0,0,1
0,0,3,23,0,0,0
5,2,6,34,0,0,0
8,1,4,115,0,1,2
7,0,11,32,0,0,0
10,1,5,103,0,1,2
21,4,11,30,0,0,0
18,6,5,106,1,1,2
23,2,7,20,0,0,0
8,5,11,106,1,1,2
16,2,5,67,0,0,1
11,4,11,76,0,0,1
13,2,3,85,0,0,1
14,5,10,49,1,0,1
15,3,5,91,0,0,1
21,1,7,34,0,0,0
21,5,5,24,1,0,0
19,0,5,141,0,1,2
0,4,9,24,0,0,0
9,3,3,152,0,1,2
7,0,6,23,0,0,0
17,0,1,126,0,1,2
0,4,10,21,0,0,0
1,3,5,26,0,0,0
0,6,8,18,1,0,0
0,0,5,35,0,0,0
8,0,9,124,0,1,2
12,3,11,75,0,0,1
0,2,6,32,0,0,0
12,0,8,55,0,0,1
19,1,10,159,0,1,2
21,3,8,34,0,0,0
6,0,3,20,0,0,0
1,4,7,25,0,0,0
5,5,7,20,1,0,0
6,1,10,20,0,0,0
13,5,12,59,1,0,1
17,5,6,87,1,1,1
14,0,12,84,0,0,1
1,1,7,36,0,0,0
9,1,2,142,0,1,2
22,2,9,27,0,0,0
11,5,10,35,1,0,0
16,1,10,66,0,0,1
7,2,1,24,0,0,0
10,3,1,100,0,1,1
2,2,3,20,0,0,0
5,4,3,20,0,0,0
8,6,1,81,1,1,1
5,0,12,29,0,0,0
8,3,7,97,0,1,1
6,6,4,23,1,0,0
8,6,10,73,1,1,1
17,3,2,154,0,1,2
11,4,10,83,0,0,1
7,2,5,37,0,0,0
7,0,6,21,0,0,0
17,2,9,150,0,1,2
19,1,4,111,0,1,2
14,2,2,90,0,0,1
6,3,5,36,0,0,0
10,0,3,143,0,1,2
19,2,2,154,0,1,2
15,0,12,74,0,0,1
3,0,1,37,0,0,0
5,1,10,22,0,0,0
21,1,2,30,0,0,0
2,3,6,37,0,0,0
8,4,8,162,0,1,2
9,6,3,93,1,1,1
13,0,11,91,0,0,1
10,4,9,140,0,1,2
17,6,12,88,1,1,1
21,6,9,22,1,0,0
11,3,2,87,0,0,1
22,6,8,22,1,0,0
11,6,10,42,1,0,0
12,0,11,74,0,0,1
12,0,12,92,0,0,1
18,5,5,76,1,1,1
18,4,4,158,0,1,2
22,2,10,35,0,0,0
13,1,5,84,0,0,1
3,2,4,21,0,0,0
12,4,8,55,0,0,1
7,1,4,28,0,0,0
22,2,10,31,0,0,0
20,5,12,72,1,1,1
22,1,6,34,0,0,0
18,0,2,145,0,1,2
11,2,5,81,0,0,1
17,1,6,155,0,1,2
5,5,5,20,1,0,0
17,6,12,91,1,1,1
18,1,2,125,0,1,2
21,1,7,28,0,0,0
4,5,4,20,1,0,0
23,6,8,14,1,0,0
8,2,7,147,0,1,2
2,3,7,33,0,0,0
9,2,9,101,0,1,2
18,6,1,63,1,1,1
2,4,10,39,0,0,0
21,5,6,19,1,0,0
14,2,6,74,0,0,1
0,1,6,23,0,0,0
6,5,12,23,1,0,0
11,0,6,65,0,0,1
16,6,12,54,1,0,1
20,2,10,116,0,1,2
23,5,7,19,1,0,0
19,2,10,121,0,1,2
4,5,6,15,1,0,0
3,1,1,33,0,0,0
11,0,3,89,0,0,1
19,0,2,98,0,1,1
23,4,6,35,0,0,0
17,5,8,78,1,1,1
16,2,3,90,0,0,1
18,0,10,113,0,1,2
8,6,8,90,1,1,1
3,0,8,20,0,0,0
20,3,5,138,0,1,2
1,3,8,23,0,0,0
3,0,6,30,0,0,0
1,5,5,15,1,0,0
14,4,9,56,0,0,1
1,0,7,36,0,0,0
3,1,8,27,0,0,0
5,2,1,25,0,0,0
6,4,11,28,0,0,0
9,1,2,155,0,1,2
18,4,8,110,0,1,2
18,1,12,96,0,1,1
21,2,9,29,0,0,0
11,2,4,62,0,0,1
2,3,12,30,0,0,0
12,5,10,43,1,0,0
17,1,11,151,0,1,2
7,3,10,36,0,0,0
20,1,9,161,0,1,2
14,3,4,84,0,0,1
0,2,10,39,0,0,0
2,4,10,32,0,0,0
7,6,10,24,1,0,0
3,3,9,26,0,0,0
15,1,11,63,0,0,1
22,1,7,38,0,0,0
9,6,2,96,1,1,1
11,5,9,61,1,0,1
13,2,4,76,0,0,1
13,1,8,72,0,0,1
1,0,7,21,0,0,0
22,4,7,37,0,0,0
4,3,8,37,0,0,0
4,5,1,19,1,0,0
5,6,5,13,1,0,0
12,4,2,68,0,0,1
8,2,2,105,0,1,2
21,5,1,13,1,0,0
14,3,5,61,0,0,1
13,3,2,85,0,0,1
23,6,4,22,1,0,0
6,0,3,33,0,0,0
19,6,3,91,1,1,1
1,2,2,33,0,0,0
6,5,6,19,1,0,0
5,5,2,22,1,0,0
16,1,8,73,0,0,1
1,0,8,36,0,0,0
2,0,12,25,0,0,0
4,5,5,19,1,0,0
4,5,10,23,1,0,0
0,4,7,28,0,0,0
7,4,4,37,0,0,0
11,4,1,71,0,0,1
23,0,11,31,0,0,0
3,1,2,24,0,0,0
12,3,10,90,0,0,1
22,4,10,23,0,0,0
14,1,4,57,0,0,1
10,6,1,98,1,1,1
9,2,8,149,0,1,2
2,4,9,36,0,0,0
21,6,4,16,1,0,0
13,3,10,80,0,0,1
15,2,3,58,0,0,1
9,2,2,149,0,1,2
9,3,5,139,0,1,2
11,4,3,66,0,0,1
8,0,10,95,0,1,1
0,3,7,38,0,0,0
4,3,11,39,0,0,0
19,3,6,137,0,1,2
7,2,1,39,0,0,0
10,1,12,161,0,1,2
11,6,8,55,1,0,1
0,0,2,29,0,0,0
21,4,5,27,0,0,0
19,4,9,163,0,1,2
10,6,8,105,1,1,2
4,1,2,39,0,0,0
14,3,9,58,0,0,1
4,0,5,34,0,0,0
11,4,10,71,0,0,1
4,6,6,20,1,0,0
16,5,3,37,1,0,0
16,6,3,41,1,0,0
23,4,10,34,0,0,0
11,3,8,77,0,0,1
23,5,11,24,1,0,0
14,1,10,55,0,0,1
14,0,10,89,0,0,1
5,1,12,31,0,0,0
11,1,2,55,0,0,1
19,6,11,63,1,1,1
17,0,12,161,0,1,2
13,0,12,91,0,0,1
1,4,2,38,0,0,0
8,4,5,123,0,1,2
4,0,6,20,0,0,0
19,5,12,100,1,1,1
0,2,2,23,0,0,0
22,4,5,36,0,0,0
2,2,7,33,0,0,0
5,6,10,24,1,0,0
4,5,10,13,1,0,0
20,0,8,116,0,1,2
4,5,12,22,1,0,0
0,4,7,22,0,0,0
16,1,8,77,0,0,1
18,6,12,76,1,1,1
13,0,9,58,0,0,1
11,3,5,75,0,0,1
9,6,5,89,1,1,1
19,2,11,120,0,1,2
20,5,10,87,1,1,1
17,0,4,132,0,1,2
23,6,9,19,1,0,0
10,5,5,79,1,1,1
1,0,2,34,0,0,0
17,4,10,154,0,1,2
6,6,8,14,1,0,0
23,4,7,20,0,0,0
14,6,8,47,1,0,1
10,4,12,140,0,1,2
17,5,3,92,1,1,1
22,3,4,33,0,0,0
11,6,5,44,1,0,0
5,6,6,20,1,0,0
19,4,1,110,0,1,2
22,0,4,20,0,0,0
12,6,11,43,1,0,0
19,4,12,106,0,1,2
15,1,10,92,0,0,1
17,4,5,133,0,1,2
9,5,7,82,1,1,1
22,3,5,20,0,0,0
7,1,1,24,0,0,0
17,5,11,106,1,1,2
20,5,7,81,1,1,1
0,5,8,22,1,0,0
22,0,7,35,0,0,0
7,5,11,21,1,0,0
5,0,4,20,0,0,0
4,5,8,20,1,0,0
14,2,5,64,0,0,1
21,1,10,29,0,0,0
14,2,9,85,0,0,1
1,5,12,20,1,0,0
0,1,12,22,0,0,0
22,1,10,37,0,0,0
22,6,5,25,1,0,0
10,3,1,128,0,1,2
9,2,12,143,0,1,2
17,3,9,122,0,1,2
17,1,12,107,0,1,2
16,0,5,87,0,0,1
7,1,6,21,0,0,0
14,3,4,87,0,0,1
7,2,6,24,0,0,0
16,5,12,37,1,0,0
11,6,8,39,1,0,0
7,6,3,20,1,0,0
13,6,5,50,1,0,1
3,5,2,24,1,0,0
0,6,2,16,1,0,0
0,2,7,20,0,0,0
18,5,10,105,1,1,2
15,6,10,53,1,0,1
13,5,11,40,1,0,0
20,3,10,146,0,1,2
15,2,6,58,0,0,1
4,4,4,21,0,0,0
8,0,5,163,0,1,2
1,6,1,13,1,0,0
17,0,7,163,0,1,2
5,5,8,16,1,0,0
8,0,9,120,0,1,2
0,2,8,20,0,0,0
8,2,5,98,0,1,1
15,1,3,93,0,0,1
12,6,10,52,1,0,1
8,1,11,127,0,1,2
20,0,9,127,0,1,2
12,4,6,62,0,0,1
8,1,5,114,0,1,2
10,1,3,110,0,1,2
3,2,6,32,0,0,0
1,4,3,37,0,0,0
5,5,10,25,1,0,0
13,0,12,66,0,0,1
3,1,6,20,0,0,0
5,4,4,29,0,0,0
18,6,2,63,1,1,1
5,4,8,38,0,0,0
1,0,4,28,0,0,0
17,4,9,145,0,1,2
12,4,7,70,0,0,1
8,4,12,97,0,1,1
22,6,2,13,1,0,0
18,1,4,118,0,1,2
12,0,5,63,0,0,1
10,6,3,69,1,1,1
0,4,9,21,0,0,0
23,4,5,26,0,0,0
21,1,2,35,0,0,0
6,0,11,38,0,0,0
20,2,3,141,0,1,2
14,6,9,49,1,0,1
0,1,7,30,0,0,0
11,0,2,87,0,0,1
6,6,9,16,1,0,0
14,4,4,74,0,0,1
20,0,9,136,0,1,2
18,0,2,103,0,1,2
0,5,12,13,1,0,0
16,0,10,56,0,0,1
16,2,12,73,0,0,1
2,0,4,33,0,0,0
11,2,5,74,0,0,1
5,4,2,29,0,0,0
10,2,10,164,0,1,2
2,6,1,23,1,0,0
7,4,7,25,0,0,0
13,4,10,58,0,0,1
13,2,1,84,0,0,1
9,1,11,97,0,1,1
1,3,11,38,0,0,0
13,0,8,72,0,0,1
8,5,3,78,1,1,1
2,3,10,23,0,0,0
20,0,6,158,0,1,2
7,0,7,27,0,0,0
15,4,10,71,0,0,1
1,0,1,24,0,0,0
5,5,6,20,1,0,0
20,0,7,121,0,1,2
11,2,6,58,0,0,1
4,3,4,33,0,0,0
1,2,1,22,0,0,0
15,5,11,59,1,0,1
4,0,9,26,0,0,0
14,6,4,56,1,0,1
11,5,7,55,1,0,1
3,4,7,31,0,0,0
14,2,2,65,0,0,1
10,2,1,126,0,1,2
15,1,8,92,0,0,1
22,0,8,21,0,0,0
5,4,7,38,0,0,0
13,6,8,48,1,0,1
17,2,3,150,0,1,2
11,2,11,68,0,0,1
10,4,2,127,0,1,2
12,5,7,41,1,0,0
20,5,8,102,1,1,2
22,0,1,23,0,0,0
10,1,12,137,0,1,2
22,2,10,35,0,0,0
15,1,9,87,0,0,1
14,5,11,47,1,0,1
20,5,4,74,1,1,1
14,3,12,76,0,0,1
3,6,4,18,1,0,0
10,0,3,103,0,1,2
18,3,6,121,0,1,2
14,6,1,46,1,0,1
3,3,6,31,0,0,0
20,3,2,139,0,1,2
12,0,9,62,0,0,1
21,0,2,35,0,0,0
18,4,7,112,0,1,2
1,1,12,20,0,0,0
13,1,1,55,0,0,1
3,4,12,31,0,0,0
15,4,7,60,0,0,1
20,5,5,87,1,1,1
19,6,8,96,1,1,1
13,3,4,59,0,0,1
14,4,12,70,0,0,1
2,2,10,37,0,0,0
7,1,7,36,0,0,0
15,4,6,72,0,0,1
9,2,5,159,0,1,2
3,2,4,38,0,0,0
17,2,7,148,0,1,2
1,5,12,17,1,0,0
16,5,5,37,1,0,0
12,2,5,79,0,0,1
3,6,1,15,1,0,0
10,5,2,96,1,1,1
6,3,5,27,0,0,0
11,2,3,73,0,0,1
9,3,2,144,0,1,2
6,3,4,20,0,0,0
12,2,4,72,0,0,1
6,1,4,26,0,0,0
23,6,4,22,1,0,0
16,2,3,70,0,0,1
9,2,12,132,0,1,2
9,5,7,87,1,1,1
23,2,9,26,0,0,0
3,1,12,33,0,0,0
19,5,5,95,1,1,1
3,0,4,35,0,0,0
21,0,11,25,0,0,0
6,3,2,35,0,0,0
21,6,2,25,1,0,0
0,3,5,35,0,0,0
11,1,7,66,0,0,1
23,4,10,36,0,0,0
12,6,10,59,1,0,1
9,0,9,158,0,1,2
14,3,7,81,0,0,1
12,0,5,79,0,0,1
22,1,10,32,0,0,0
21,1,10,27,0,0,0
21,4,10,24,0,0,0
20,4,6,106,0,1,2
21,5,11,18,1,0,0
8,6,12,63,1,1,1
8,1,3,127,0,1,2
14,3,5,76,0,0,1
9,0,8,144,0,1,2
23,2,1,31,0,0,0
9,4,12,103,0,1,2
7,2,1,28,0,0,0
23,3,7,37,0,0,0
15,4,5,83,0,0,1
16,2,5,93,0,0,1
4,6,1,14,1,0,0
3,3,9,32,0,0,0
17,0,1,111,0,1,2
23,6,5,13,1,0,0
18,3,10,140,0,1,2
3,5,9,14,1,0,0
6,4,4,24,0,0,0
9,1,8,108,0,1,2
17,0,6,161,0,1,2
18,6,11,76,1,1,1
3,6,3,16,1,0,0
9,2,4,155,0,1,2
0,4,2,29,0,0,0
22,1,1,32,0,0,0
17,3,8,110,0,1,2
4,1,1,28,0,0,0
14,4,11,88,0,0,1
16,4,1,91,0,0,1
2,5,4,23,1,0,0
11,5,10,50,1,0,1
1,1,12,23,0,0,0
0,3,10,36,0,0,0
22,1,6,28,0,0,0
20,4,9,146,0,1,2
16,4,1,56,0,0,1
21,2,7,37,0,0,0
15,5,10,49,1,0,1
4,2,11,30,0,0,0
14,0,5,67,0,0,1
2,4,12,27,0,0,0
6,2,8,20,0,0,0
10,1,7,106,0,1,2
9,5,4,63,1,1,1
8,5,4,87,1,1,1
13,3,6,61,0,0,1
12,1,6,77,0,0,1
1,3,9,24,0,0,0
2,2,12,24,0,0,0
6,6,5,23,1,0,0
20,0,8,124,0,1,2
17,1,5,100,0,1,1
2,1,2,38,0,0,0
9,1,6,160,0,1,2
21,3,9,29,0,0,0
6,2,3,35,0,0,0
8,1,1,131,0,1,2
16,6,1,44,1,0,0
10,1,3,126,0,1,2
6,5,10,20,1,0,0
23,0,5,34,0,0,0
13,5,3,40,1,0,0
18,5,9,89,1,1,1
3,0,8,37,0,0,0
5,6,3,14,1,0,0
9,2,9,120,0,1,2
6,5,6,18,1,0,0
12,2,7,85,0,0,1
13,5,4,56,1,0,1
3,4,4,24,0,0,0
7,0,12,32,0,0,0
4,5,2,13,1,0,0
0,4,5,27,0,0,0
3,3,8,22,0,0,0
2,4,7,22,0,0,0
8,1,7,129,0,1,2
7,5,6,22,1,0,0
0,4,3,27,0,0,0
5,2,5,22,0,0,0
8,3,1,124,0,1,2
6,6,7,16,1,0,0
3,5,9,24,1,0,0
12,1,1,65,0,0,1
16,6,2,59,1,0,1
1,4,3,27,0,0,0
4,6,3,13,1,0,0
11,6,8,53,1,0,1
20,3,7,113,0,1,2
7,6,6,14,1,0,0
5,6,10,14,1,0,0
7,5,10,19,1,0,0
17,3,11,109,0,1,2
2,1,4,20,0,0,0
21,4,9,28,0,0,0
11,3,1,80,0,0,1
2,3,11,35,0,0,0
21,0,2,23,0,0,0
5,3,4,20,0,0,0
1,0,3,39,0,0,0
22,4,1,32,0,0,0
11,6,5,56,1,0,1
1,5,7,15,1,0,0
5,5,2,15,1,0,0
16,4,5,68,0,0,1
2,4,6,33,0,0,0
1,2,11,27,0,0,0
22,6,7,14,1,0,0
19,4,1,141,0,1,2
7,3,7,23,0,0,0
21,5,4,24,1,0,0
11,1,8,85,0,0,1
3,5,4,18,1,0,0
4,0,6,32,0,0,0
12,5,9,44,1,0,0
14,2,5,64,0,0,1
22,6,12,22,1,0,0
15,4,4,85,0,0,1
9,6,8,85,1,1,1
22,4,9,25,0,0,0
15,5,4,52,1,0,1
11,1,3,56,0,0,1
16,1,8,67,0,0,1
15,2,5,73,0,0,1
11,0,2,55,0,0,1
7,5,10,17,1,0,0
19,4,9,126,0,1,2
2,5,3,22,1,0,0
15,2,12,83,0,0,1
12,3,2,56,0,0,1
22,3,1,27,0,0,0
18,2,8,132,0,1,2
7,4,11,35,0,0,0
21,6,3,19,1,0,0
4,2,7,36,0,0,0
19,4,1,149,0,1,2
7,1,1,38,0,0,0
23,2,12,30,0,0,0
11,4,9,62,0,0,1
0,2,12,23,0,0,0
20,2,8,103,0,1,2
19,6,12,62,1,1,1
5,6,3,22,1,0,0
21,4,6,25,0,0,0
17,4,11,153,0,1,2
7,0,3,38,0,0,0
6,2,12,27,0,0,0
0,3,4,33,0,0,0
20,2,1,118,0,1,2
15,2,5,91,0,0,1
11,4,1,80,0,0,1
5,2,1,38,0,0,0
19,5,10,81,1,1,1
1,2,11,37,0,0,0
13,5,11,36,1,0,0
3,6,7,25,1,0,0
0,3,12,31,0,0,0
22,4,6,21,0,0,0
17,2,2,136,0,1,2
12,5,11,35,1,0,0
1,5,12,14,1,0,0
8,6,2,66,1,1,1
20,5,11,84,1,1,1
1,1,7,28,0,0,0
8,0,1,132,0,1,2
0,3,2,20,0,0,0
10,6,12,88,1,1,1
2,6,8,21,1,0,0
19,2,6,155,0,1,2
22,1,2,37,0,0,0
3,2,7,25,0,0,0
17,2,4,109,0,1,2
22,4,2,35,0,0,0
5,4,12,27,0,0,0
2,4,6,32,0,0,0
21,1,11,30,0,0,0
10,2,9,154,0,1,2
14,0,11,61,0,0,1
21,3,9,36,0,0,0
4,4,8,37,0,0,0
19,4,3,126,0,1,2
9,6,3,75,1,1,1
11,2,2,67,0,0,1
14,2,5,77,0,0,1
16,1,12,83,0,0,1
9,1,4,116,0,1,2
5,4,7,20,0,0,0
17,2,4,123,0,1,2
12,0,9,59,0,0,1
2,3,12,22,0,0,0
23,2,12,29,0,0,0
9,6,2,91,1,1,1
13,2,11,89,0,0,1
5,5,6,20,1,0,0
2,1,7,32,0,0,0
15,6,4,41,1,0,0
6,3,6,21,0,0,0
19,4,7,164,0,1,2
13,6,4,40,1,0,0
8,2,8,119,0,1,2
14,4,9,94,0,0,1
20,2,1,101,0,1,2
2,4,7,33,0,0,0
1,3,9,38,0,0,0
1,1,12,33,0,0,0
2,3,10,32,0,0,0
17,5,5,74,1,1,1
13,0,12,55,0,0,1
19,1,2,113,0,1,2
17,3,10,154,0,1,2
9,5,6,82,1,1,1
1,0,12,23,0,0,0
21,5,12,18,1,0,0
0,2,7,22,0,0,0
3,2,2,39,0,0,0
13,4,2,89,0,0,1
0,1,10,25,0,0,0
13,2,12,60,0,0,1
15,6,10,50,1,0,1
21,5,1,13,1,0,0
13,1,4,70,0,0,1
19,6,7,76,1,1,1
2,2,9,24,0,0,0
2,4,3,28,0,0,0
8,3,12,141,0,1,2
5,4,11,31,0,0,0
12,6,7,38,1,0,0
20,0,7,125,0,1,2
1,2,7,37,0,0,0
7,6,2,20,1,0,0
20,0,6,121,0,1,2
1,0,2,22,0,0,0
3,5,6,16,1,0,0
14,1,10,72,0,0,1
3,5,3,13,1,0,0
12,2,2,79,0,0,1
11,0,12,85,0,0,1
12,6,6,59,1,0,1
13,3,2,56,0,0,1
19,0,5,133,0,1,2
17,6,2,100,1,1,1
5,3,3,30,0,0,0
10,5,3,102,1,1,2
1,5,6,24,1,0,0
22,1,6,36,0,0,0
18,6,10,86,1,1,1
18,0,3,148,0,1,2
4,4,3,22,0,0,0
18,5,12,83,1,1,1
1,5,1,19,1,0,0
9,1,7,155,0,1,2
1,3,8,31,0,0,0
10,1,2,162,0,1,2
17,0,4,119,0,1,2
23,6,10,22,1,0,0
14,2,7,86,0,0,1
8,2,8,98,0,1,1
22,6,1,16,1,0,0
18,3,4,157,0,1,2
8,5,6,91,1,1,1
2,3,3,20,0,0,0
20,5,5,63,1,1,1
8,5,10,101,1,1,2
13,2,9,71,0,0,1
18,3,11,156,0,1,2
6,1,3,22,0,0,0
15,5,5,43,1,0,0
15,4,8,89,0,0,1
0,4,6,30,0,0,0
3,1,4,21,0,0,0
3,4,8,34,0,0,0
6,0,11,32,0,0,0
7,5,3,24,1,0,0
16,1,3,70,0,0,1
4,3,4,37,0,0,0
6,5,9,16,1,0,0
19,1,5,139,0,1,2
19,2,8,130,0,1,2
3,3,6,28,0,0,0
5,2,3,29,0,0,0
6,5,8,18,1,0,0
17,3,12,101,0,1,2
4,4,9,34,0,0,0
19,1,8,154,0,1,2
2,5,4,17,1,0,0
6,0,11,38,0,0,0
21,3,6,30,0,0,0
13,3,1,91,0,0,1
6,6,4,13,1,0,0
4,5,8,18,1,0,0
21,5,1,22,1,0,0
4,2,3,32,0,0,0
22,6,1,17,1,0,0
1,4,9,28,0,0,0
20,2,2,150,0,1,2
21,6,9,20,1,0,0
5,2,4,25,0,0,0
14,4,2,82,0,0,1
20,6,4,81,1,1,1
9,6,12,72,1,1,1
22,0,11,23,0,0,0
23,2,11,28,0,0,0
6,2,10,26,0,0,0
4,3,6,37,0,0,0
0,4,11,27,0,0,0
12,1,7,61,0,0,1
20,0,3,135,0,1,2
17,6,3,87,1,1,1
12,6,12,37,1,0,0
20,6,10,72,1,1,1
20,0,12,160,0,1,2
17,6,8,94,1,1,1
4,6,5,14,1,0,0
12,4,4,60,0,0,1
3,5,7,16,1,0,0
16,5,7,52,1,0,1
2,3,9,30,0,0,0
16,3,9,80,0,0,1
10,6,5,72,1,1,1
20,4,12,125,0,1,2
19,6,8,83,1,1,1
22,3,10,35,0,0,0
20,0,1,112,0,1,2
3,0,9,34,0,0,0
1,1,8,24,0,0,0
19,5,6,101,1,1,2
15,4,3,81,0,0,1
17,2,3,129,0,1,2
7,5,8,25,1,0,0
2,2,5,32,0,0,0
8,1,10,129,0,1,2
19,1,11,122,0,1,2
5,6,7,16,1,0,0
9,3,5,103,0,1,2
20,1,8,109,0,1,2
9,1,10,115,0,1,2
12,2,10,89,0,0,1
16,3,4,87,0,0,1
8,1,2,145,0,1,2
16,5,3,47,1,0,1
23,1,8,32,0,0,0
8,3,11,138,0,1,2
8,6,7,103,1,1,2
0,4,2,38,0,0,0
1,3,6,35,0,0,0
15,2,9,79,0,0,1
0,4,4,34,0,0,0
9,5,9,97,1,1,1
17,0,2,132,0,1,2
7,3,2,30,0,0,0
20,6,9,104,1,1,2
10,2,12,109,0,1,2
22,5,7,13,1,0,0
1,4,7,26,0,0,0
7,5,1,13,1,0,0
21,3,11,36,0,0,0
7,1,6,28,0,0,0
16,6,7,53,1,0,1
14,3,11,80,0,0,1
16,0,6,77,0,0,1
22,3,6,32,0,0,0
23,4,2,30,0,0,0
12,4,6,83,0,0,1
18,3,4,106,0,1,2
4,4,9,39,0,0,0
11,1,12,71,0,0,1
0,5,1,14,1,0,0
22,3,8,22,0,0,0
4,6,5,13,1,0,0
7,1,1,37,0,0,0
12,5,4,52,1,0,1
7,6,1,22,1,0,0
22,6,6,17,1,0,0
10,6,2,70,1,1,1
0,5,5,14,1,0,0
12,1,7,59,0,0,1
18,6,2,65,1,1,1
23,6,6,13,1,0,0
2,2,6,38,0,0,0
23,3,5,32,0,0,0
16,5,5,53,1,0,1
4,5,3,16,1,0,0
19,4,10,118,0,1,2
20,5,10,76,1,1,1
7,1,11,35,0,0,0
13,5,12,41,1,0,0
3,2,2,28,0,0,0
10,3,7,135,0,1,2
19,3,1,143,0,1,2
14,5,6,46,1,0,1
18,6,6,97,1,1,1
6,0,3,31,0,0,0
18,0,2,139,0,1,2
18,6,12,80,1,1,1
10,6,2,89,1,1,1
4,6,9,21,1,0,0
4,1,11,29,0,0,0
21,0,5,38,0,0,0
7,6,7,13,1,0,0
9,1,12,130,0,1,2
5,4,5,38,0,0,0
14,1,7,61,0,0,1
15,0,4,80,0,0,1
16,5,8,44,1,0,0
7,4,11,34,0,0,0
7,0,10,25,0,0,0
8,1,11,97,0,1,1
1,2,10,25,0,0,0
14,3,7,70,0,0,1
17,0,10,160,0,1,2
2,6,5,16,1,0,0
16,1,11,84,0,0,1
3,6,6,19,1,0,0
3,6,5,16,1,0,0
13,6,7,58,1,0,1
8,6,12,76,1,1,1
8,6,2,86,1,1,1
22,4,5,23,0,0,0
17,0,10,138,0,1,2
9,0,3,99,0,1,1
20,3,9,149,0,1,2
3,1,6,38,0,0,0
11,2,10,80,0,0,1
7,4,3,24,0,0,0
1,1,7,38,0,0,0
21,4,4,22,0,0,0
12,0,3,61,0,0,1
20,6,8,92,1,1,1
15,3,4,63,0,0,1
1,3,11,28,0,0,0
10,5,1,96,1,1,1
9,2,6,163,0,1,2
14,3,10,83,0,0,1
16,6,11,57,1,0,1
7,0,11,27,0,0,0
17,2,1,126,0,1,2
22,1,5,39,0,0,0
8,6,7,102,1,1,2
7,6,6,18,1,0,0
13,3,2,67,0,0,1
17,2,11,157,0,1,2
21,0,4,22,0,0,0
19,5,11,100,1,1,1
19,4,2,148,0,1,2
20,4,11,102,0,1,2
11,0,1,83,0,0,1
18,0,3,135,0,1,2
13,4,3,84,0,0,1
16,5,12,49,1,0,1
23,2,7,31,0,0,0
20,4,1,105,0,1,2
2,0,9,21,0,0,0
22,3,11,37,0,0,0
6,1,6,28,0,0,0
16,5,4,36,1,0,0
11,6,3,57,1,0,1
8,5,3,63,1,1,1
14,3,2,70,0,0,1
17,3,2,145,0,1,2
20,6,12,105,1,1,2
12,0,10,77,0,0,1
20,4,5,119,0,1,2
7,2,9,37,0,0,0
13,5,2,42,1,0,0
7,6,2,23,1,0,0
13,5,12,52,1,0,1
6,3,6,39,0,0,0
22,4,10,35,0,0,0
11,5,2,48,1,0,1
10,2,12,96,0,1,1
21,3,4,21,0,0,0
21,2,6,33,0,0,0
10,4,5,98,0,1,1
21,5,1,23,1,0,0
12,1,6,67,0,0,1
17,5,1,83,1,1,1
1,4,3,31,0,0,0
20,5,10,104,1,1,2
14,6,5,39,1,0,0
19,5,10,81,1,1,1
17,0,5,104,0,1,2
14,5,10,48,1,0,1
18,5,6,76,1,1,1
22,2,12,22,0,0,0
23,1,10,39,0,0,0
11,2,8,64,0,0,1
12,2,5,83,0,0,1
21,3,11,28,0,0,0
10,0,1,146,0,1,2
4,2,5,38,0,0,0
0,6,3,21,1,0,0
23,4,4,21,0,0,0
2,6,8,15,1,0,0
21,4,7,39,0,0,0
18,5,11,100,1,1,1
22,3,5,27,0,0,0
6,0,2,26,0,0,0
11,6,6,39,1,0,0
14,0,11,65,0,0,1
4,6,6,20,1,0,0
14,5,10,46,1,0,1
7,4,10,38,0,0,0
9,1,11,157,0,1,2
15,3,6,75,0,0,1
7,6,9,21,1,0,0
0,6,11,14,1,0,0
11,5,8,46,1,0,1
4,3,8,34,0,0,0
2,4,1,25,0,0,0
0,4,5,29,0,0,0
3,6,7,20,1,0,0
7,1,6,26,0,0,0
2,1,5,36,0,0,0
9,0,8,159,0,1,2
1,3,3,37,0,0,0
10,3,6,120,0,1,2
9,4,5,109,0,1,2
20,0,8,127,0,1,2
13,5,4,59,1,0,1
6,3,8,34,0,0,0
1,0,10,22,0,0,0
8,0,2,159,0,1,2
15,6,9,40,1,0,0
12,4,9,66,0,0,1
8,0,10,119,0,1,2
19,1,10,151,0,1,2
3,1,6,31,0,0,0
21,2,4,32,0,0,0
9,4,4,95,0,1,1
21,6,6,24,1,0,0
11,5,5,39,1,0,0
16,2,6,62,0,0,1
13,1,7,58,0,0,1
13,6,7,38,1,0,0
1,2,9,26,0,0,0
20,4,8,117,0,1,2
19,6,6,105,1,1,2
10,4,12,146,0,1,2
15,0,6,58,0,0,1
18,3,5,141,0,1,2
22,0,1,24,0,0,0
5,4,9,28,0,0,0
23,6,9,13,1,0,0
18,1,9,153,0,1,2
4,5,11,16,1,0,0
3,1,8,36,0,0,0
14,6,10,45,1,0,0
3,0,3,36,0,0,0
19,5,1,83,1,1,1
9,6,11,82,1,1,1
23,4,12,21,0,0,0
21,1,12,28,0,0,0
2,4,8,21,0,0,0
4,5,7,22,1,0,0
5,5,5,18,1,0,0
20,1,10,109,0,1,2
21,4,7,29,0,0,0
7,2,10,36,0,0,0
6,4,4,28,0,0,0
20,5,9,84,1,1,1
9,4,11,130,0,1,2
5,6,10,22,1,0,0
13,0,2,87,0,0,1
3,2,9,25,0,0,0
12,3,9,64,0,0,1
19,6,5,105,1,1,2
16,0,11,76,0,0,1
22,3,1,32,0,0,0
6,1,7,35,0,0,0
3,3,10,39,0,0,0
13,6,10,53,1,0,1
2,4,4,25,0,0,0
23,6,9,19,1,0,0
4,3,6,22,0,0,0
15,5,3,41,1,0,0
22,0,6,20,0,0,0
19,0,10,146,0,1,2
3,3,6,30,0,0,0
23,0,5,31,0,0,0
23,5,2,21,1,0,0
1,6,10,17,1,0,0
17,0,10,162,0,1,2
18,3,2,122,0,1,2
18,2,7,104,0,1,2
16,2,2,90,0,0,1
13,1,12,56,0,0,1
18,0,6,144,0,1,2
21,6,5,21,1,0,0
23,3,4,35,0,0,0
12,0,7,71,0,0,1
11,4,8,76,0,0,1
5,5,4,14,1,0,0
20,0,1,113,0,1,2
3,0,1,21,0,0,0
18,2,1,133,0,1,2
15,5,11,40,1,0,0
12,3,1,73,0,0,1
3,0,5,35,0,0,0
22,2,4,35,0,0,0
16,1,9,72,0,0,1
22,5,3,19,1,0,0
0,2,7,26,0,0,0
17,2,11,162,0,1,2
19,6,8,77,1,1,1
16,2,6,86,0,0,1
14,6,12,54,1,0,1
10,0,10,139,0,1,2
21,0,1,23,0,0,0
12,1,8,88,0,0,1
0,4,10,28,0,0,0
16,4,3,66,0,0,1
5,4,8,21,0,0,0
3,6,12,16,1,0,0
19,5,4,64,1,1,1
15,5,8,38,1,0,0
14,1,11,76,0,0,1
14,5,1,38,1,0,0
5,4,3,23,0,0,0
14,4,6,63,0,0,1
13,2,9,83,0,0,1
10,5,2,75,1,1,1
6,0,11,29,0,0,0
8,0,1,155,0,1,2
15,2,10,64,0,0,1
4,2,3,25,0,0,0
19,2,4,156,0,1,2
9,0,11,99,0,1,1
17,4,5,164,0,1,2
2,2,3,34,0,0,0
12,1,10,79,0,0,1
10,6,11,99,1,1,1
16,2,2,58,0,0,1
21,6,2,17,1,0,0
12,3,7,86,0,0,1
5,2,9,38,0,0,0
16,0,10,89,0,0,1
12,5,2,41,1,0,0
18,2,7,128,0,1,2
20,5,7,84,1,1,1
18,3,11,164,0,1,2
9,1,7,137,0,1,2
2,5,3,21,1,0,0
13,6,12,45,1,0,0
18,4,7,153,0,1,2
4,2,1,38,0,0,0
4,3,10,21,0,0,0
19,3,1,135,0,1,2
16,5,5,46,1,0,1
20,1,2,141,0,1,2
9,0,9,148,0,1,2
4,2,7,38,0,0,0
3,3,4,22,0,0,0
5,1,4,20,0,0,0
3,4,2,23,0,0,0
6,3,5,37,0,0,0
6,1,4,27,0,0,0
17,0,12,113,0,1,2
2,0,1,25,0,0,0
0,3,12,20,0,0,0
23,6,8,17,1,0,0
3,3,3,20,0,0,0
5,5,6,24,1,0,0
8,2,4,119,0,1,2
21,1,9,34,0,0,0
13,3,7,73,0,0,1
11,2,9,83,0,0,1
19,5,10,67,1,1,1
23,2,3,31,0,0,0
3,3,1,20,0,0,0
20,0,5,111,0,1,2
23,1,3,29,0,0,0
11,1,6,85,0,0,1
9,0,8,154,0,1,2
21,6,11,16,1,0,0
6,3,4,36,0,0,0
2,1,5,37,0,0,0
22,3,5,24,0,0,0
13,5,4,46,1,0,1
23,3,4,36,0,0,0
9,2,4,123,0,1,2
15,0,4,86,0,0,1
15,6,4,50,1,0,1
21,3,5,35,0,0,0
9,6,2,68,1,1,1
12,6,2,55,1,0,1
5,5,9,16,1,0,0
11,4,2,89,0,0,1
8,0,6,127,0,1,2
12,6,2,46,1,0,1
3,1,5,24,0,0,0
23,2,4,32,0,0,0
10,1,12,158,0,1,2
19,5,7,61,1,1,1
17,5,7,102,1,1,2
10,1,6,128,0,1,2
20,0,10,104,0,1,2
3,1,5,39,0,0,0
17,3,1,101,0,1,2
0,1,12,35,0,0,0
6,2,3,24,0,0,0
5,2,9,31,0,0,0
14,4,1,71,0,0,1
17,2,5,142,0,1,2
23,1,2,39,0,0,0
10,2,4,120,0,1,2
